nom_modele,mae,mse,r2
,57500.34268492754,7034701320.511077,0.9564656378192616
,57500.34268492754,7034701320.511077,0.9564656378192616
